"day","date","orangeAverage","purpleAverage","greenAverage","bannerAverage","daily"
"Monday","01/11/2010",952,NA,NA,NA,952
"Tuesday","01/12/2010",796,NA,NA,NA,796
"Wednesday","01/13/2010",1211.5,NA,NA,NA,1211.5
"Thursday","01/14/2010",1213.5,NA,NA,NA,1213.5
"Friday","01/15/2010",1644,NA,NA,NA,1644
"Saturday","01/16/2010",1490.5,NA,NA,NA,1490.5
"Sunday","01/17/2010",888.5,NA,NA,NA,888.5
"Monday","01/18/2010",999.5,NA,NA,NA,999.5
"Tuesday","01/19/2010",1035,NA,NA,NA,1035
"Wednesday","01/20/2010",1395.5,NA,NA,NA,1395.5
"Thursday","01/21/2010",1305,NA,NA,NA,1305
"Friday","01/22/2010",1394.5,NA,NA,NA,1394.5
"Saturday","01/23/2010",1206,NA,NA,NA,1206
"Sunday","01/24/2010",713,NA,NA,NA,713
"Monday","01/25/2010",1295,NA,NA,NA,1295
"Tuesday","01/26/2010",1429.5,NA,NA,NA,1429.5
"Wednesday","01/27/2010",1288.5,NA,NA,NA,1288.5
"Thursday","01/28/2010",1239,NA,NA,NA,1239
"Friday","01/29/2010",1332,NA,NA,NA,1332
"Saturday","01/30/2010",581.5,NA,NA,NA,581.5
"Sunday","01/31/2010",683.5,NA,NA,NA,683.5
"Monday","02/01/2010",1395.5,NA,NA,NA,1395.5
"Tuesday","02/02/2010",1436.5,NA,NA,NA,1436.5
"Wednesday","02/03/2010",1368,NA,NA,NA,1368
"Thursday","02/04/2010",1339.5,NA,NA,NA,1339.5
"Friday","02/05/2010",1217.5,NA,NA,NA,1217.5
"Saturday","02/06/2010",NA,NA,NA,NA,0
"Sunday","02/07/2010",NA,NA,NA,NA,0
"Monday","02/08/2010",284,NA,NA,NA,284
"Tuesday","02/09/2010",849.5,NA,NA,NA,849.5
"Wednesday","02/10/2010",NA,NA,NA,NA,0
"Thursday","02/11/2010",NA,NA,NA,NA,0
"Friday","02/12/2010",671,NA,NA,NA,671
"Saturday","02/13/2010",700.5,NA,NA,NA,700.5
"Sunday","02/14/2010",543.5,NA,NA,NA,543.5
"Monday","02/15/2010",751.5,NA,NA,NA,751.5
"Tuesday","02/16/2010",791,NA,NA,NA,791
"Wednesday","02/17/2010",993.5,NA,NA,NA,993.5
"Thursday","02/18/2010",1126,NA,NA,NA,1126
"Friday","02/19/2010",1642,NA,NA,NA,1642
"Saturday","02/20/2010",893.5,NA,NA,NA,893.5
"Sunday","02/21/2010",739,NA,NA,NA,739
"Monday","02/22/2010",997.5,NA,NA,NA,997.5
"Tuesday","02/23/2010",998,NA,NA,NA,998
"Wednesday","02/24/2010",1219,NA,NA,NA,1219
"Thursday","02/25/2010",1429.5,NA,NA,NA,1429.5
"Friday","02/26/2010",1328.5,NA,NA,NA,1328.5
"Saturday","02/27/2010",1252.5,NA,NA,NA,1252.5
"Sunday","02/28/2010",955.5,NA,NA,NA,955.5
"Monday","03/01/2010",1511,NA,NA,NA,1511
"Tuesday","03/02/2010",1498.5,NA,NA,NA,1498.5
"Wednesday","03/03/2010",1464.5,NA,NA,NA,1464.5
"Thursday","03/04/2010",1697.5,NA,NA,NA,1697.5
"Friday","03/05/2010",1905.5,NA,NA,NA,1905.5
"Saturday","03/06/2010",1369,NA,NA,NA,1369
"Sunday","03/07/2010",1114.5,NA,NA,NA,1114.5
"Monday","03/08/2010",1516,NA,NA,NA,1516
"Tuesday","03/09/2010",1727.5,NA,NA,NA,1727.5
"Wednesday","03/10/2010",1672,NA,NA,NA,1672
"Thursday","03/11/2010",1711.5,NA,NA,NA,1711.5
"Friday","03/12/2010",1644,NA,NA,NA,1644
"Saturday","03/13/2010",952.5,NA,NA,NA,952.5
"Sunday","03/14/2010",716.5,NA,NA,NA,716.5
"Monday","03/15/2010",1588,NA,NA,NA,1588
"Tuesday","03/16/2010",1601,NA,NA,NA,1601
"Wednesday","03/17/2010",1710.5,NA,NA,NA,1710.5
"Thursday","03/18/2010",1949,NA,NA,NA,1949
"Friday","03/19/2010",2204.5,NA,NA,NA,2204.5
"Saturday","03/20/2010",1945.5,NA,NA,NA,1945.5
"Sunday","03/21/2010",1634,NA,NA,NA,1634
"Monday","03/22/2010",1413,NA,NA,NA,1413
"Tuesday","03/23/2010",1458,NA,NA,NA,1458
"Wednesday","03/24/2010",1350,NA,NA,NA,1350
"Thursday","03/25/2010",1448,NA,NA,NA,1448
"Friday","03/26/2010",1710.5,NA,NA,NA,1710.5
"Saturday","03/27/2010",1561,NA,NA,NA,1561
"Sunday","03/28/2010",1086.5,NA,NA,NA,1086.5
"Monday","03/29/2010",1790.5,NA,NA,NA,1790.5
"Tuesday","03/30/2010",1474,NA,NA,NA,1474
"Wednesday","03/31/2010",1719,NA,NA,NA,1719
"Thursday","04/01/2010",1939.5,NA,NA,NA,1939.5
"Friday","04/02/2010",2029,NA,NA,NA,2029
"Saturday","04/03/2010",1836,NA,NA,NA,1836
"Sunday","04/04/2010",1053,NA,NA,NA,1053
"Monday","04/05/2010",1875.5,NA,NA,NA,1875.5
"Tuesday","04/06/2010",1776,NA,NA,NA,1776
"Wednesday","04/07/2010",1498.5,NA,NA,NA,1498.5
"Thursday","04/08/2010",1764,NA,NA,NA,1764
"Friday","04/09/2010",2399,NA,NA,NA,2399
"Saturday","04/10/2010",1801,NA,NA,NA,1801
"Sunday","04/11/2010",1231.5,NA,NA,NA,1231.5
"Monday","04/12/2010",1711.5,NA,NA,NA,1711.5
"Tuesday","04/13/2010",1643,NA,NA,NA,1643
"Wednesday","04/14/2010",1933,NA,NA,NA,1933
"Thursday","04/15/2010",1793.5,NA,NA,NA,1793.5
"Friday","04/16/2010",2191,NA,NA,NA,2191
"Saturday","04/17/2010",1886,NA,NA,NA,1886
"Sunday","04/18/2010",1150.5,NA,NA,NA,1150.5
"Monday","04/19/2010",1818.5,NA,NA,NA,1818.5
"Tuesday","04/20/2010",1797,NA,NA,NA,1797
"Wednesday","04/21/2010",1661.5,NA,NA,NA,1661.5
"Thursday","04/22/2010",1879,NA,NA,NA,1879
"Friday","04/23/2010",2132,NA,NA,NA,2132
"Saturday","04/24/2010",1613,NA,NA,NA,1613
"Sunday","04/25/2010",1058.5,NA,NA,NA,1058.5
"Monday","04/26/2010",1616,NA,NA,NA,1616
"Tuesday","04/27/2010",1847,NA,NA,NA,1847
"Wednesday","04/28/2010",1728.5,NA,NA,NA,1728.5
"Thursday","04/29/2010",1746.5,NA,NA,NA,1746.5
"Friday","04/30/2010",2223,NA,NA,NA,2223
"Saturday","05/01/2010",2415,NA,NA,NA,2415
"Sunday","05/02/2010",1172.5,NA,NA,NA,1172.5
"Monday","05/03/2010",1616,NA,NA,NA,1616
"Tuesday","05/04/2010",1649.5,NA,NA,NA,1649.5
"Wednesday","05/05/2010",1705,NA,NA,NA,1705
"Thursday","05/06/2010",1826.5,NA,NA,NA,1826.5
"Friday","05/07/2010",2217,NA,NA,NA,2217
"Saturday","05/08/2010",1818,NA,NA,NA,1818
"Sunday","05/09/2010",991,NA,NA,NA,991
"Monday","05/10/2010",1728,NA,NA,NA,1728
"Tuesday","05/11/2010",1664.5,NA,NA,NA,1664.5
"Wednesday","05/12/2010",1861,NA,NA,NA,1861
"Thursday","05/13/2010",1840.5,NA,NA,NA,1840.5
"Friday","05/14/2010",2536,NA,NA,NA,2536
"Saturday","05/15/2010",1998,NA,NA,NA,1998
"Sunday","05/16/2010",1056,NA,NA,NA,1056
"Monday","05/17/2010",1932.5,NA,NA,NA,1932.5
"Tuesday","05/18/2010",1622,NA,NA,NA,1622
"Wednesday","05/19/2010",1822,NA,NA,NA,1822
"Thursday","05/20/2010",2153,NA,NA,NA,2153
"Friday","05/21/2010",2541,NA,NA,NA,2541
"Saturday","05/22/2010",1549,NA,NA,NA,1549
"Sunday","05/23/2010",1018,NA,NA,NA,1018
"Monday","05/24/2010",1660,NA,NA,NA,1660
"Tuesday","05/25/2010",1758,NA,NA,NA,1758
"Wednesday","05/26/2010",2077.5,NA,NA,NA,2077.5
"Thursday","05/27/2010",2190,NA,NA,NA,2190
"Friday","05/28/2010",2249,NA,NA,NA,2249
"Saturday","05/29/2010",1722.5,NA,NA,NA,1722.5
"Sunday","05/30/2010",1370.5,NA,NA,NA,1370.5
"Monday","05/31/2010",1466.5,NA,NA,NA,1466.5
"Tuesday","06/01/2010",1912,NA,NA,NA,1912
"Wednesday","06/02/2010",1846,NA,NA,NA,1846
"Thursday","06/03/2010",2042.5,NA,NA,NA,2042.5
"Friday","06/04/2010",2024.5,NA,NA,NA,2024.5
"Saturday","06/05/2010",1842.5,NA,NA,NA,1842.5
"Sunday","06/06/2010",965,NA,NA,NA,965
"Monday","06/07/2010",1989.5,1083,NA,NA,3072.5
"Tuesday","06/08/2010",2424.5,1256.5,NA,NA,3681
"Wednesday","06/09/2010",1608.5,1759.5,NA,NA,3368
"Thursday","06/10/2010",2084.5,2062,NA,NA,4146.5
"Friday","06/11/2010",3012,2201,NA,NA,5213
"Saturday","06/12/2010",2274,1869,NA,NA,4143
"Sunday","06/13/2010",1322.5,1375.5,NA,NA,2698
"Monday","06/14/2010",2146,1901.5,NA,NA,4047.5
"Tuesday","06/15/2010",2223,1813.5,NA,NA,4036.5
"Wednesday","06/16/2010",1676,1687,NA,NA,3363
"Thursday","06/17/2010",2044,1611,NA,NA,3655
"Friday","06/18/2010",1808,2391,NA,NA,4199
"Saturday","06/19/2010",2126,1722,NA,NA,3848
"Sunday","06/20/2010",1513,1168.5,NA,NA,2681.5
"Monday","06/21/2010",2267,1492,NA,NA,3759
"Tuesday","06/22/2010",2074.5,2223.5,NA,NA,4298
"Wednesday","06/23/2010",2308.5,2351.5,NA,NA,4660
"Thursday","06/24/2010",2375.5,2220.5,NA,NA,4596
"Friday","06/25/2010",3471.5,2646,NA,NA,6117.5
"Saturday","06/26/2010",2364.5,2082.5,NA,NA,4447
"Sunday","06/27/2010",1370,1734,NA,NA,3104
"Monday","06/28/2010",2380,1857,NA,NA,4237
"Tuesday","06/29/2010",2224,2179.5,NA,NA,4403.5
"Wednesday","06/30/2010",2662,1301.5,NA,NA,3963.5
"Thursday","07/01/2010",2945.5,2033,NA,NA,4978.5
"Friday","07/02/2010",2796.5,2719.5,NA,NA,5516
"Saturday","07/03/2010",2465,2531,NA,NA,4996
"Sunday","07/04/2010",2027.5,2052.5,NA,NA,4080
"Monday","07/05/2010",1663.5,1954.5,NA,NA,3618
"Tuesday","07/06/2010",2273.5,2142,NA,NA,4415.5
"Wednesday","07/07/2010",2133.5,2804,NA,NA,4937.5
"Thursday","07/08/2010",2662.5,2691.5,NA,NA,5354
"Friday","07/09/2010",2847,3094,NA,NA,5941
"Saturday","07/10/2010",1878.5,2198,NA,NA,4076.5
"Sunday","07/11/2010",1719.5,2056,NA,NA,3775.5
"Monday","07/12/2010",2360,2198,NA,NA,4558
"Tuesday","07/13/2010",2534.5,2610,NA,NA,5144.5
"Wednesday","07/14/2010",2101.5,2369.5,NA,NA,4471
"Thursday","07/15/2010",2656.5,2599.5,NA,NA,5256
"Friday","07/16/2010",2316,2678,NA,NA,4994
"Saturday","07/17/2010",1513,3562.5,NA,NA,5075.5
"Sunday","07/18/2010",1276.5,2099.5,NA,NA,3376
"Monday","07/19/2010",2496.5,2035.5,NA,NA,4532
"Tuesday","07/20/2010",2239,2234.5,NA,NA,4473.5
"Wednesday","07/21/2010",2951,2361,NA,NA,5312
"Thursday","07/22/2010",2472,2752.5,NA,NA,5224.5
"Friday","07/23/2010",2868,3213,NA,NA,6081
"Saturday","07/24/2010",1912,2537.5,NA,NA,4449.5
"Sunday","07/25/2010",1535.5,1746,NA,NA,3281.5
"Monday","07/26/2010",2574,2884.5,NA,NA,5458.5
"Tuesday","07/27/2010",2600,3044.5,NA,NA,5644.5
"Wednesday","07/28/2010",2876,2933,NA,NA,5809
"Thursday","07/29/2010",2447,2833.5,NA,NA,5280.5
"Friday","07/30/2010",3140,3477,NA,NA,6617
"Saturday","07/31/2010",2306,2917,NA,NA,5223
"Sunday","08/01/2010",1495,2251.5,NA,NA,3746.5
"Monday","08/02/2010",2481.5,2529.5,NA,NA,5011
"Tuesday","08/03/2010",2528.5,2738.5,NA,NA,5267
"Wednesday","08/04/2010",2148.5,2787.5,NA,NA,4936
"Thursday","08/05/2010",2710.5,2824.5,NA,NA,5535
"Friday","08/06/2010",2952.5,3624,NA,NA,6576.5
"Saturday","08/07/2010",2536.5,2998.5,NA,NA,5535
"Sunday","08/08/2010",1664.5,2241.5,NA,NA,3906
"Monday","08/09/2010",2589,2361.5,NA,NA,4950.5
"Tuesday","08/10/2010",2182,1995,NA,NA,4177
"Wednesday","08/11/2010",2832,2745,NA,NA,5577
"Thursday","08/12/2010",2637,2619,NA,NA,5256
"Friday","08/13/2010",3957,2943,NA,NA,6900
"Saturday","08/14/2010",2300,2795,NA,NA,5095
"Sunday","08/15/2010",2525,2754,NA,NA,5279
"Monday","08/16/2010",3975,3055,NA,NA,7030
"Tuesday","08/17/2010",2310,2670,NA,NA,4980
"Wednesday","08/18/2010",1993,2491,NA,NA,4484
"Thursday","08/19/2010",1811,2200,NA,NA,4011
"Friday","08/20/2010",2407,2685,NA,NA,5092
"Saturday","08/21/2010",2137,3048,NA,NA,5185
"Sunday","08/22/2010",1988,2220,NA,NA,4208
"Monday","08/23/2010",2863,3098,NA,NA,5961
"Tuesday","08/24/2010",2835,3168,NA,NA,6003
"Wednesday","08/25/2010",2130,2130,NA,NA,4260
"Thursday","08/26/2010",2555,2865,NA,NA,5420
"Friday","08/27/2010",2365,2685,NA,NA,5050
"Saturday","08/28/2010",2290,2334,NA,NA,4624
"Sunday","08/29/2010",1397,2190,NA,NA,3587
"Monday","08/30/2010",2280,3314,NA,NA,5594
"Tuesday","08/31/2010",2790,2875,NA,NA,5665
"Wednesday","09/01/2010",2876,3315,NA,NA,6191
"Thursday","09/02/2010",2705,3393,NA,NA,6098
"Friday","09/03/2010",2968,3128,NA,NA,6096
"Saturday","09/04/2010",3350,3046,NA,NA,6396
"Sunday","09/05/2010",2008,2390,NA,NA,4398
"Monday","09/06/2010",2263,2070,NA,NA,4333
"Tuesday","09/07/2010",2625,3074,NA,NA,5699
"Wednesday","09/08/2010",2410,2641,NA,NA,5051
"Thursday","09/09/2010",2309,2721,NA,NA,5030
"Friday","09/10/2010",2782,3398,NA,NA,6180
"Saturday","09/11/2010",2110,2858,NA,NA,4968
"Sunday","09/12/2010",1132,1630,NA,NA,2762
"Monday","09/13/2010",2464,2670,NA,NA,5134
"Tuesday","09/14/2010",2312,2707,NA,NA,5019
"Wednesday","09/15/2010",2060,3117,NA,NA,5177
"Thursday","09/16/2010",2204,2560,NA,NA,4764
"Friday","09/17/2010",2204,2816,NA,NA,5020
"Saturday","09/18/2010",2597,3288,NA,NA,5885
"Sunday","09/19/2010",1360,2445,NA,NA,3805
"Monday","09/20/2010",2321,2812,NA,NA,5133
"Tuesday","09/21/2010",2135,2556,NA,NA,4691
"Wednesday","09/22/2010",2010,2699,NA,NA,4709
"Thursday","09/23/2010",2175,2761,NA,NA,4936
"Friday","09/24/2010",2626,3068,NA,NA,5694
"Saturday","09/25/2010",1747,3277,NA,NA,5024
"Sunday","09/26/2010",1556,1969,NA,NA,3525
"Monday","09/27/2010",2373,2790,NA,NA,5163
"Tuesday","09/28/2010",2443,3175,NA,NA,5618
"Wednesday","09/29/2010",2220,3000,NA,NA,5220
"Thursday","09/30/2010",2512,2128,NA,NA,4640
"Friday","10/01/2010",3303,3825,NA,NA,7128
"Saturday","10/02/2010",2465,3553,NA,NA,6018
"Sunday","10/03/2010",1512,2064,NA,NA,3576
"Monday","10/04/2010",1442,2609,NA,NA,4051
"Tuesday","10/05/2010",2253,2364,NA,NA,4617
"Wednesday","10/06/2010",2434,2907,NA,NA,5341
"Thursday","10/07/2010",2112.5,3360.5,NA,NA,5473
"Friday","10/08/2010",2585.5,3853.5,NA,NA,6439
"Saturday","10/09/2010",2257,3320.5,NA,NA,5577.5
"Sunday","10/10/2010",1439,2135,NA,NA,3574
"Monday","10/11/2010",2313.5,3145.5,NA,NA,5459
"Tuesday","10/12/2010",2500,3002,NA,NA,5502
"Wednesday","10/13/2010",2014.5,2564.5,NA,NA,4579
"Thursday","10/14/2010",1838.5,2456.5,NA,NA,4295
"Friday","10/15/2010",2632.5,3279.5,NA,NA,5912
"Saturday","10/16/2010",1454,2665,NA,NA,4119
"Sunday","10/17/2010",1197,1818,NA,NA,3015
"Monday","10/18/2010",2369,2192.5,NA,NA,4561.5
"Tuesday","10/19/2010",1858.5,3178,NA,NA,5036.5
"Wednesday","10/20/2010",2413,2667,NA,NA,5080
"Thursday","10/21/2010",2280.5,3313.5,NA,NA,5594
"Friday","10/22/2010",2760,3933.5,NA,NA,6693.5
"Saturday","10/23/2010",1908,3247.5,NA,NA,5155.5
"Sunday","10/24/2010",1572,2337.5,NA,NA,3909.5
"Monday","10/25/2010",2335,3417,NA,NA,5752
"Tuesday","10/26/2010",2373,3315.5,NA,NA,5688.5
"Wednesday","10/27/2010",2339.5,3343.5,NA,NA,5683
"Thursday","10/28/2010",2521,3452.5,NA,NA,5973.5
"Friday","10/29/2010",2472,3121.5,NA,NA,5593.5
"Saturday","10/30/2010",2290.5,2646,NA,NA,4936.5
"Sunday","10/31/2010",1381,2203.5,NA,NA,3584.5
"Monday","11/01/2010",1777.5,3140.5,NA,NA,4918
"Tuesday","11/02/2010",2048,2313.5,NA,NA,4361.5
"Wednesday","11/03/2010",2112,2395,NA,NA,4507
"Thursday","11/04/2010",1524,2563.5,NA,NA,4087.5
"Friday","11/05/2010",1973,3511,NA,NA,5484
"Saturday","11/06/2010",2006,2630.5,NA,NA,4636.5
"Sunday","11/07/2010",987,1808.5,NA,NA,2795.5
"Monday","11/08/2010",1651.5,2884,NA,NA,4535.5
"Tuesday","11/09/2010",2224,2828,NA,NA,5052
"Wednesday","11/10/2010",2055,2932,NA,NA,4987
"Thursday","11/11/2010",2043.5,2346.5,NA,NA,4390
"Friday","11/12/2010",2632.5,3591,NA,NA,6223.5
"Saturday","11/13/2010",1769.5,3136.5,NA,NA,4906
"Sunday","11/14/2010",1126,1761.5,NA,NA,2887.5
"Monday","11/15/2010",2162.5,2657,NA,NA,4819.5
"Tuesday","11/16/2010",1834.5,2458.5,NA,NA,4293
"Wednesday","11/17/2010",1541.5,2940,NA,NA,4481.5
"Thursday","11/18/2010",1938.5,2938,NA,NA,4876.5
"Friday","11/19/2010",2086.5,3818.5,NA,NA,5905
"Saturday","11/20/2010",1874,2487,NA,NA,4361
"Sunday","11/21/2010",1290.5,1512,NA,NA,2802.5
"Monday","11/22/2010",1988.5,3132.5,NA,NA,5121
"Tuesday","11/23/2010",2255,2545,NA,NA,4800
"Wednesday","11/24/2010",2430.5,2938,NA,NA,5368.5
"Thursday","11/25/2010",NA,NA,NA,NA,0
"Friday","11/26/2010",1917.5,2571.5,NA,NA,4489
"Saturday","11/27/2010",1893,2235.5,NA,NA,4128.5
"Sunday","11/28/2010",958,1711,NA,NA,2669
"Monday","11/29/2010",1933.5,3171.5,NA,NA,5105
"Tuesday","11/30/2010",2358.5,2777.5,NA,NA,5136
"Wednesday","12/01/2010",2060.5,2786,NA,NA,4846.5
"Thursday","12/02/2010",2282,2935,NA,NA,5217
"Friday","12/03/2010",2482.5,3638.5,NA,NA,6121
"Saturday","12/04/2010",2141,2821,NA,NA,4962
"Sunday","12/05/2010",1471.5,1952.5,NA,NA,3424
"Monday","12/06/2010",2123.5,2657.5,NA,NA,4781
"Tuesday","12/07/2010",1931.5,2601,NA,NA,4532.5
"Wednesday","12/08/2010",1766.5,3153,NA,NA,4919.5
"Thursday","12/09/2010",1547.5,2885,NA,NA,4432.5
"Friday","12/10/2010",2539.5,2707,NA,NA,5246.5
"Saturday","12/11/2010",1892.5,2348,NA,NA,4240.5
"Sunday","12/12/2010",823.5,1426,NA,NA,2249.5
"Monday","12/13/2010",1796.5,2735,NA,NA,4531.5
"Tuesday","12/14/2010",1423,2343,NA,NA,3766
"Wednesday","12/15/2010",1973,2360,NA,NA,4333
"Thursday","12/16/2010",1927,2476.5,NA,NA,4403.5
"Friday","12/17/2010",1718,2643,NA,NA,4361
"Saturday","12/18/2010",1279.5,1975.5,NA,NA,3255
"Sunday","12/19/2010",1104.5,1164,NA,NA,2268.5
"Monday","12/20/2010",1899.5,2639,NA,NA,4538.5
"Tuesday","12/21/2010",1849.5,2635,NA,NA,4484.5
"Wednesday","12/22/2010",1842,2605,NA,NA,4447
"Thursday","12/23/2010",2222,2257.5,NA,NA,4479.5
"Friday","12/24/2010",798.5,876,NA,NA,1674.5
"Saturday","12/25/2010",NA,NA,NA,NA,0
"Sunday","12/26/2010",NA,NA,NA,NA,0
"Monday","12/27/2010",1247,1497.5,NA,NA,2744.5
"Tuesday","12/28/2010",1926,2277,NA,NA,4203
"Wednesday","12/29/2010",2061,2290,NA,NA,4351
"Thursday","12/30/2010",2128.5,2203,NA,NA,4331.5
"Friday","12/31/2010",2209,2301.5,NA,NA,4510.5
"Saturday","01/01/2011",1472,1610.5,NA,NA,3082.5
"Sunday","01/02/2011",1103.5,1448,NA,NA,2551.5
"Monday","01/03/2011",2064.5,2909.5,NA,NA,4974
"Tuesday","01/04/2011",1738,2527,NA,NA,4265
"Wednesday","01/05/2011",1793.5,2615,NA,NA,4408.5
"Thursday","01/06/2011",2002.5,2561,NA,NA,4563.5
"Friday","01/07/2011",1915.5,3092.5,NA,NA,5008
"Saturday","01/08/2011",1444,1988.5,NA,NA,3432.5
"Sunday","01/09/2011",992,1284.5,NA,NA,2276.5
"Monday","01/10/2011",2025,2884,NA,NA,4909
"Tuesday","01/11/2011",1910.5,2713.5,NA,NA,4624
"Wednesday","01/12/2011",1672.5,2429.5,NA,NA,4102
"Thursday","01/13/2011",2034.5,2657,NA,NA,4691.5
"Friday","01/14/2011",2468.5,3512,NA,NA,5980.5
"Saturday","01/15/2011",1381.5,2068.5,NA,NA,3450
"Sunday","01/16/2011",1072,1606,NA,NA,2678
"Monday","01/17/2011",1417,2006.5,NA,NA,3423.5
"Tuesday","01/18/2011",1276.5,2029.5,NA,NA,3306
"Wednesday","01/19/2011",1860,3017,NA,NA,4877
"Thursday","01/20/2011",2127,2119.5,NA,NA,4246.5
"Friday","01/21/2011",2204.5,2891.5,NA,NA,5096
"Saturday","01/22/2011",1733,1949,NA,NA,3682
"Sunday","01/23/2011",839.5,1388.5,NA,NA,2228
"Monday","01/24/2011",1788,2416.5,NA,NA,4204.5
"Tuesday","01/25/2011",1967,2461,NA,NA,4428
"Wednesday","01/26/2011",1262.5,1697,NA,NA,2959.5
"Thursday","01/27/2011",902.5,1392.5,NA,NA,2295
"Friday","01/28/2011",1831,2483,NA,NA,4314
"Saturday","01/29/2011",1390,1870,NA,NA,3260
"Sunday","01/30/2011",1000,1243.5,NA,NA,2243.5
"Monday","01/31/2011",1436.5,2440,NA,NA,3876.5
"Tuesday","02/01/2011",1347,2175,NA,NA,3522
"Wednesday","02/02/2011",1553,2262,NA,NA,3815
"Thursday","02/03/2011",1535.5,2210,NA,NA,3745.5
"Friday","02/04/2011",1591,2108,NA,NA,3699
"Saturday","02/05/2011",1225,1684.5,NA,NA,2909.5
"Sunday","02/06/2011",920,1368,NA,NA,2288
"Monday","02/07/2011",1499.5,1702,NA,NA,3201.5
"Tuesday","02/08/2011",1281.5,1933.5,NA,NA,3215
"Wednesday","02/09/2011",1551,2093,NA,NA,3644
"Thursday","02/10/2011",1698,2286.5,NA,NA,3984.5
"Friday","02/11/2011",2261,3105,NA,NA,5366
"Saturday","02/12/2011",1768.5,2700,NA,NA,4468.5
"Sunday","02/13/2011",1290,1626,NA,NA,2916
"Monday","02/14/2011",2165,2480.5,NA,NA,4645.5
"Tuesday","02/15/2011",1610.5,2860,NA,NA,4470.5
"Wednesday","02/16/2011",2253,2708,NA,NA,4961
"Thursday","02/17/2011",2303.5,3358.5,NA,NA,5662
"Friday","02/18/2011",2852,4523.5,NA,NA,7375.5
"Saturday","02/19/2011",1884.5,2739.5,NA,NA,4624
"Sunday","02/20/2011",1642,1926.5,NA,NA,3568.5
"Monday","02/21/2011",1827,2240.5,NA,NA,4067.5
"Tuesday","02/22/2011",1780,2209.5,NA,NA,3989.5
"Wednesday","02/23/2011",2098,3315.5,NA,NA,5413.5
"Thursday","02/24/2011",2006.5,3362,NA,NA,5368.5
"Friday","02/25/2011",2165,3984.5,NA,NA,6149.5
"Saturday","02/26/2011",2497.5,3329,NA,NA,5826.5
"Sunday","02/27/2011",1778,2196.5,NA,NA,3974.5
"Monday","02/28/2011",2184,3236,NA,NA,5420
"Tuesday","03/01/2011",2560,3315.5,NA,NA,5875.5
"Wednesday","03/02/2011",2323.5,3526.5,NA,NA,5850
"Thursday","03/03/2011",2543,3533,NA,NA,6076
"Friday","03/04/2011",3063.5,4486.5,NA,NA,7550
"Saturday","03/05/2011",2374.5,3274,NA,NA,5648.5
"Sunday","03/06/2011",1389,1896.5,NA,NA,3285.5
"Monday","03/07/2011",2682.5,3629.5,NA,NA,6312
"Tuesday","03/08/2011",2896.5,4048.5,NA,NA,6945
"Wednesday","03/09/2011",2476.5,3941.5,NA,NA,6418
"Thursday","03/10/2011",1840,3090,NA,NA,4930
"Friday","03/11/2011",3169,4529.5,NA,NA,7698.5
"Saturday","03/12/2011",2741,3695.5,NA,NA,6436.5
"Sunday","03/13/2011",1216,1589,NA,NA,2805
"Monday","03/14/2011",2653.5,3517.5,NA,NA,6171
"Tuesday","03/15/2011",2656.5,3743.5,NA,NA,6400
"Wednesday","03/16/2011",2473,3725.5,NA,NA,6198.5
"Thursday","03/17/2011",2681.5,3748.5,NA,NA,6430
"Friday","03/18/2011",3215.5,4615.5,NA,NA,7831
"Saturday","03/19/2011",2687,3415.5,NA,NA,6102.5
"Sunday","03/20/2011",1654.5,1905.5,NA,NA,3560
"Monday","03/21/2011",2446.5,3354.5,NA,NA,5801
"Tuesday","03/22/2011",2635.5,3697.5,NA,NA,6333
"Wednesday","03/23/2011",2557.5,3514,NA,NA,6071.5
"Thursday","03/24/2011",2763,3662.5,NA,NA,6425.5
"Friday","03/25/2011",3314.5,4877.5,NA,NA,8192
"Saturday","03/26/2011",2777,3500,NA,NA,6277
"Sunday","03/27/2011",1793.5,2148,NA,NA,3941.5
"Monday","03/28/2011",2819.5,3890.5,NA,NA,6710
"Tuesday","03/29/2011",3093.5,4080.5,NA,NA,7174
"Wednesday","03/30/2011",2730.5,3823,NA,NA,6553.5
"Thursday","03/31/2011",2888,3517.5,NA,NA,6405.5
"Friday","04/01/2011",3525,4556,NA,NA,8081
"Saturday","04/02/2011",2798.5,3404,NA,NA,6202.5
"Sunday","04/03/2011",1879.5,2414.5,NA,NA,4294
"Monday","04/04/2011",3396,4503.5,NA,NA,7899.5
"Tuesday","04/05/2011",2667.5,3693,NA,NA,6360.5
"Wednesday","04/06/2011",2851.5,4112.5,NA,NA,6964
"Thursday","04/07/2011",2954.5,4311.5,NA,NA,7266
"Friday","04/08/2011",2949.5,3997.5,NA,NA,6947
"Saturday","04/09/2011",2599,3558,NA,NA,6157
"Sunday","04/10/2011",1849.5,2386,NA,NA,4235.5
"Monday","04/11/2011",3201.5,4155,NA,NA,7356.5
"Tuesday","04/12/2011",2612.5,4038,NA,NA,6650.5
"Wednesday","04/13/2011",2763.5,3744,NA,NA,6507.5
"Thursday","04/14/2011",2889.5,4178.5,NA,NA,7068
"Friday","04/15/2011",3487.5,5155.5,NA,NA,8643
"Saturday","04/16/2011",1350.5,1930,NA,NA,3280.5
"Sunday","04/17/2011",2024.5,2907.5,NA,NA,4932
"Monday","04/18/2011",2765.5,3884,NA,NA,6649.5
"Tuesday","04/19/2011",2908,3947.5,NA,NA,6855.5
"Wednesday","04/20/2011",3200.5,4441,NA,NA,7641.5
"Thursday","04/21/2011",3020,3744.5,NA,NA,6764.5
"Friday","04/22/2011",3375.5,4694.5,NA,NA,8070
"Saturday","04/23/2011",2804.5,3546.5,NA,NA,6351
"Sunday","04/24/2011",NA,NA,NA,NA,0
"Monday","04/25/2011",3137.5,3877.5,NA,NA,7015
"Tuesday","04/26/2011",3294.5,4043,NA,NA,7337.5
"Wednesday","04/27/2011",3265,4026,NA,NA,7291
"Thursday","04/28/2011",3013,4475.5,NA,NA,7488.5
"Friday","04/29/2011",3326.5,5364.5,NA,NA,8691
"Saturday","04/30/2011",2859,3914,NA,NA,6773
"Sunday","05/01/2011",1552,2234.5,NA,NA,3786.5
"Monday","05/02/2011",2967.5,4382.5,NA,NA,7350
"Tuesday","05/03/2011",3155,4636,NA,NA,7791
"Wednesday","05/04/2011",2643.5,4220.5,NA,NA,6864
"Thursday","05/05/2011",3450,4639,NA,NA,8089
"Friday","05/06/2011",3698.5,4641,NA,NA,8339.5
"Saturday","05/07/2011",3028,3940,NA,NA,6968
"Sunday","05/08/2011",1527,2184.5,NA,NA,3711.5
"Monday","05/09/2011",2914,4219.5,NA,NA,7133.5
"Tuesday","05/10/2011",3283.5,4142.5,NA,NA,7426
"Wednesday","05/11/2011",3389,4811.5,NA,NA,8200.5
"Thursday","05/12/2011",3336,4587,NA,NA,7923
"Friday","05/13/2011",3630.5,4956.5,NA,NA,8587
"Saturday","05/14/2011",2439.5,3456,NA,NA,5895.5
"Sunday","05/15/2011",2098.5,2836,NA,NA,4934.5
"Monday","05/16/2011",3449.5,4896,NA,NA,8345.5
"Tuesday","05/17/2011",3150,4626.5,NA,NA,7776.5
"Wednesday","05/18/2011",3303.5,4679,NA,NA,7982.5
"Thursday","05/19/2011",3470,4802.5,NA,NA,8272.5
"Friday","05/20/2011",3864.5,5483,NA,NA,9347.5
"Saturday","05/21/2011",2992.5,4014,NA,NA,7006.5
"Sunday","05/22/2011",2032.5,2751,NA,NA,4783.5
"Monday","05/23/2011",3356,4961.5,NA,NA,8317.5
"Tuesday","05/24/2011",3422,5018,NA,NA,8440
"Wednesday","05/25/2011",3538.5,5205.5,NA,NA,8744
"Thursday","05/26/2011",3402.5,5008,NA,NA,8410.5
"Friday","05/27/2011",3862.5,5833.5,NA,NA,9696
"Saturday","05/28/2011",3347.5,3973,NA,NA,7320.5
"Sunday","05/29/2011",2837.5,3065,NA,NA,5902.5
"Monday","05/30/2011",2704,3016.5,NA,NA,5720.5
"Tuesday","05/31/2011",3138.5,4598,NA,NA,7736.5
"Wednesday","06/01/2011",3287.5,5049.5,NA,NA,8337
"Thursday","06/02/2011",3275,5071.5,NA,NA,8346.5
"Friday","06/03/2011",3917.5,5229,NA,NA,9146.5
"Saturday","06/04/2011",3046,3629,NA,NA,6675
"Sunday","06/05/2011",2028.5,2842.5,NA,NA,4871
"Monday","06/06/2011",3359.5,4530,NA,NA,7889.5
"Tuesday","06/07/2011",3513,4703,NA,NA,8216
"Wednesday","06/08/2011",3567.5,4442,NA,NA,8009.5
"Thursday","06/09/2011",3107,4766.5,NA,NA,7873.5
"Friday","06/10/2011",3819,5393.5,NA,NA,9212.5
"Saturday","06/11/2011",3247,3745,NA,NA,6992
"Sunday","06/12/2011",2026.5,2563.5,NA,NA,4590
"Monday","06/13/2011",3685,4528,NA,NA,8213
"Tuesday","06/14/2011",3413.5,4475.5,NA,NA,7889
"Wednesday","06/15/2011",3800.5,4507.5,NA,NA,8308
"Thursday","06/16/2011",3410,4441.5,NA,NA,7851.5
"Friday","06/17/2011",4220,5464.5,NA,NA,9684.5
"Saturday","06/18/2011",1603.5,1204,NA,NA,2807.5
"Sunday","06/19/2011",2092,2572.5,NA,NA,4664.5
"Monday","06/20/2011",3419,4159,NA,NA,7578
"Tuesday","06/21/2011",3609.5,4530,NA,NA,8139.5
"Wednesday","06/22/2011",4139.5,4851.5,NA,NA,8991
"Thursday","06/23/2011",3733,4665,NA,NA,8398
"Friday","06/24/2011",4485,5329,NA,NA,9814
"Saturday","06/25/2011",3779.5,4316.5,NA,NA,8096
"Sunday","06/26/2011",2923,2801.5,NA,NA,5724.5
"Monday","06/27/2011",3572.5,4495,NA,NA,8067.5
"Tuesday","06/28/2011",4138,4875.5,NA,NA,9013.5
"Wednesday","06/29/2011",4121,4948,NA,NA,9069
"Thursday","06/30/2011",4010.5,4660,NA,NA,8670.5
"Friday","07/01/2011",4453.5,5354,NA,NA,9807.5
"Saturday","07/02/2011",3859.5,4111,NA,NA,7970.5
"Sunday","07/03/2011",2451,3206.5,NA,NA,5657.5
"Monday","07/04/2011",3157.5,3942,NA,NA,7099.5
"Tuesday","07/05/2011",3559.5,4650.5,NA,NA,8210
"Wednesday","07/06/2011",3781,4828,NA,NA,8609
"Thursday","07/07/2011",3485.5,4882.5,NA,NA,8368
"Friday","07/08/2011",4012,5315,NA,NA,9327
"Saturday","07/09/2011",3283,4295.5,NA,NA,7578.5
"Sunday","07/10/2011",2011,3001.5,NA,NA,5012.5
"Monday","07/11/2011",3655,4342,NA,NA,7997
"Tuesday","07/12/2011",3865,4268,NA,NA,8133
"Wednesday","07/13/2011",3681,4349,NA,NA,8030
"Thursday","07/14/2011",4156.5,4624.5,NA,NA,8781
"Friday","07/15/2011",4705,6293,NA,NA,10998
"Saturday","07/16/2011",4624,7622,NA,NA,12246
"Sunday","07/17/2011",2830,5130.5,NA,NA,7960.5
"Monday","07/18/2011",4200.5,5079.5,NA,NA,9280
"Tuesday","07/19/2011",4340,5159.5,NA,NA,9499.5
"Wednesday","07/20/2011",4363,5125,NA,NA,9488
"Thursday","07/21/2011",4151,4845,NA,NA,8996
"Friday","07/22/2011",4459.5,5176.5,NA,NA,9636
"Saturday","07/23/2011",3453,4117,NA,NA,7570
"Sunday","07/24/2011",2310,3368,NA,NA,5678
"Monday","07/25/2011",3136,4388,NA,NA,7524
"Tuesday","07/26/2011",3886,5008,NA,NA,8894
"Wednesday","07/27/2011",3997.5,4813,NA,NA,8810.5
"Thursday","07/28/2011",4051,5374,NA,NA,9425
"Friday","07/29/2011",4490.5,5522.5,NA,NA,10013
"Saturday","07/30/2011",3670,5132,NA,NA,8802
"Sunday","07/31/2011",2657,3580,NA,NA,6237
"Monday","08/01/2011",3379,4782.5,NA,NA,8161.5
"Tuesday","08/02/2011",4063,4765,NA,NA,8828
"Wednesday","08/03/2011",3829.5,4766.5,NA,NA,8596
"Thursday","08/04/2011",3716.5,4964,NA,NA,8680.5
"Friday","08/05/2011",4949,5982.5,NA,NA,10931.5
"Saturday","08/06/2011",3469.5,4062,NA,NA,7531.5
"Sunday","08/07/2011",2355,2965,NA,NA,5320
"Monday","08/08/2011",3868,5227.5,NA,NA,9095.5
"Tuesday","08/09/2011",3838.5,4944,NA,NA,8782.5
"Wednesday","08/10/2011",4260.5,5075,NA,NA,9335.5
"Thursday","08/11/2011",3765.5,5000,NA,NA,8765.5
"Friday","08/12/2011",4605,5710,NA,NA,10315
"Saturday","08/13/2011",3176.5,3662.5,NA,NA,6839
"Sunday","08/14/2011",2061.5,2616.5,NA,NA,4678
"Monday","08/15/2011",3232,4431,NA,NA,7663
"Tuesday","08/16/2011",3913.5,5219,NA,NA,9132.5
"Wednesday","08/17/2011",3807,5007,NA,NA,8814
"Thursday","08/18/2011",3690,4969,NA,NA,8659
"Friday","08/19/2011",4577,5910,NA,NA,10487
"Saturday","08/20/2011",3754,4482.5,NA,NA,8236.5
"Sunday","08/21/2011",1630.5,2599,NA,NA,4229.5
"Monday","08/22/2011",4108,5329.5,NA,NA,9437.5
"Tuesday","08/23/2011",3825,4997.5,NA,NA,8822.5
"Wednesday","08/24/2011",3985.5,5194,NA,NA,9179.5
"Thursday","08/25/2011",3809,5072,NA,NA,8881
"Friday","08/26/2011",5028,6173.5,NA,NA,11201.5
"Saturday","08/27/2011",1389.5,1562.5,NA,NA,2952
"Sunday","08/28/2011",1321,1910,NA,NA,3231
"Monday","08/29/2011",4166,5329,NA,NA,9495
"Tuesday","08/30/2011",4161,5118,NA,NA,9279
"Wednesday","08/31/2011",4067,5222.5,NA,NA,9289.5
"Thursday","09/01/2011",2879,2981,NA,NA,7005.5
"Friday","09/02/2011",2724,3838.5,NA,NA,7223
"Saturday","09/03/2011",2655,3837,NA,NA,7304
"Sunday","09/04/2011",1955,3261,NA,NA,6036.5
"Monday","09/05/2011",1868.5,2478,NA,NA,4346.5
"Tuesday","09/06/2011",2948.5,4550.5,NA,NA,7499
"Wednesday","09/07/2011",3183,4531.5,NA,NA,7714.5
"Thursday","09/08/2011",3400.5,4762.5,NA,NA,8163
"Friday","09/09/2011",4099,6002.5,NA,NA,10101.5
"Saturday","09/10/2011",2970,4204,NA,NA,7174
"Sunday","09/11/2011",2009.5,2846.5,NA,NA,4856
"Monday","09/12/2011",3922.5,5288.5,NA,NA,9211
"Tuesday","09/13/2011",4060.5,5035,NA,NA,9095.5
"Wednesday","09/14/2011",3995,5596.5,NA,NA,9591.5
"Thursday","09/15/2011",3781.5,5156.5,NA,NA,8938
"Friday","09/16/2011",4558.5,6249,NA,NA,10807.5
"Saturday","09/17/2011",3013.5,4793,NA,NA,7806.5
"Sunday","09/18/2011",2252,3288,NA,NA,5540
"Monday","09/19/2011",3857,5207,NA,NA,9064
"Tuesday","09/20/2011",3772.5,5399,NA,NA,9171.5
"Wednesday","09/21/2011",4023.5,5385.5,NA,NA,9409
"Thursday","09/22/2011",3992.5,5300,NA,NA,9292.5
"Friday","09/23/2011",3508,4777.5,NA,NA,8285.5
"Saturday","09/24/2011",3490.5,4501.5,NA,NA,7992
"Sunday","09/25/2011",2341,3180.5,NA,NA,5521.5
"Monday","09/26/2011",4393.5,5611,NA,NA,10004.5
"Tuesday","09/27/2011",4087,5537.5,NA,NA,9624.5
"Wednesday","09/28/2011",4199.5,5425.5,NA,NA,9625
"Thursday","09/29/2011",4075,5426,NA,NA,9501
"Friday","09/30/2011",4464,6444,NA,NA,10908
"Saturday","10/01/2011",4079,4763,NA,NA,8842
"Sunday","10/02/2011",2764.5,3443,NA,NA,6207.5
"Monday","10/03/2011",4258.5,5479,NA,NA,9737.5
"Tuesday","10/04/2011",3600.5,5335.5,NA,NA,8936
"Wednesday","10/05/2011",4199,5771,NA,NA,9970
"Thursday","10/06/2011",4007.5,5633.5,NA,NA,9641
"Friday","10/07/2011",4382,6747,NA,NA,11129
"Saturday","10/08/2011",3485,4827.5,NA,NA,8312.5
"Sunday","10/09/2011",2087,3323.5,NA,NA,5410.5
"Monday","10/10/2011",3571,4441,NA,NA,8012
"Tuesday","10/11/2011",4226,5368,NA,NA,9594
"Wednesday","10/12/2011",3654.5,5142.5,NA,NA,8797
"Thursday","10/13/2011",3515.5,4953.5,NA,NA,8469
"Friday","10/14/2011",4389,5642.5,NA,NA,10031.5
"Saturday","10/15/2011",2436.5,3713.5,NA,NA,6150
"Sunday","10/16/2011",2312,3474,NA,NA,5786
"Monday","10/17/2011",3981.5,5356,NA,NA,9337.5
"Tuesday","10/18/2011",3904,5551,NA,NA,9455
"Wednesday","10/19/2011",3065.5,3137.5,NA,NA,6203
"Thursday","10/20/2011",2811.5,2024.5,NA,NA,4836
"Friday","10/21/2011",4622.5,6059.5,NA,NA,10682
"Saturday","10/22/2011",3363,4437,NA,NA,7800
"Sunday","10/23/2011",2080,2892,NA,NA,4972
"Monday","10/24/2011",3815,5464,NA,NA,9279
"Tuesday","10/25/2011",4109,5601.5,NA,NA,9710.5
"Wednesday","10/26/2011",3876,5317,NA,NA,9193
"Thursday","10/27/2011",3888,5275.5,NA,NA,9163.5
"Friday","10/28/2011",4736,6140,NA,NA,10876
"Saturday","10/29/2011",2423,3046,NA,NA,5469
"Sunday","10/30/2011",2196,2941,NA,NA,5137
"Monday","10/31/2011",4178.5,5496.5,NA,NA,9675
"Tuesday","11/01/2011",3962,3999,912,NA,8873
"Wednesday","11/02/2011",3816.5,5465.5,1086.5,NA,10368.5
"Thursday","11/03/2011",3906,5576.5,1170,NA,10652.5
"Friday","11/04/2011",4546.5,6067,1384.5,NA,11998
"Saturday","11/05/2011",3578.5,4281,780.5,NA,8640
"Sunday","11/06/2011",2096.5,3340.5,668,NA,6105
"Monday","11/07/2011",4000,5200,1302,NA,10502
"Tuesday","11/08/2011",4288,4800,1366.5,NA,10454.5
"Wednesday","11/09/2011",3979.5,5403.5,1292.5,NA,10675.5
"Thursday","11/10/2011",3718.5,5021.5,1191,NA,9931
"Friday","11/11/2011",4391,5964,1563,NA,11918
"Saturday","11/12/2011",3663,4399.5,1066,NA,9128.5
"Sunday","11/13/2011",2173,754.5,2902,NA,5829.5
"Monday","11/14/2011",3435.5,4205,1362,NA,9002.5
"Tuesday","11/15/2011",3724,1240,5094,NA,10058
"Wednesday","11/16/2011",3618.5,5106.5,1396.5,NA,10121.5
"Thursday","11/17/2011",4037,5256,1482,NA,10775
"Friday","11/18/2011",4697.5,5742,1594,NA,12033.5
"Saturday","11/19/2011",3486.5,4312.5,1163,NA,8962
"Sunday","11/20/2011",2152.5,2921,780.5,NA,5854
"Monday","11/21/2011",3591.5,4901,1364.5,NA,9857
"Tuesday","11/22/2011",3391.5,4494,1244.5,NA,9130
"Wednesday","11/23/2011",4061,4892.5,1336,NA,10289.5
"Thursday","11/24/2011",525.5,581,173.5,NA,1280
"Friday","11/25/2011",3680,3888,1192.5,NA,8760.5
"Saturday","11/26/2011",3028.5,3458,968.5,NA,7455
"Sunday","11/27/2011",2182,2440.5,803,NA,5425.5
"Monday","11/28/2011",3822.5,4451.5,1459.5,NA,9733.5
"Tuesday","11/29/2011",3347.5,4625.5,1314,NA,9287
"Wednesday","11/30/2011",3832,5053,1672,NA,10557
"Thursday","12/01/2011",3811,5676.5,1662,NA,11149.5
"Friday","12/02/2011",4596.5,6416,1709,NA,12721.5
"Saturday","12/03/2011",3778.5,4803,1164.5,NA,9746
"Sunday","12/04/2011",2691.5,3202,931.5,NA,6825
"Monday","12/05/2011",3692.5,5124.5,1552,NA,10369
"Tuesday","12/06/2011",3680.5,4879.5,1478,NA,10038
"Wednesday","12/07/2011",3337.5,4778.5,1477.5,NA,9593.5
"Thursday","12/08/2011",3585,5333.5,1411,NA,10329.5
"Friday","12/09/2011",4653.5,6297.5,1645,NA,12596
"Saturday","12/10/2011",3151.5,4542.5,1133.5,NA,8827.5
"Sunday","12/11/2011",2113,2591,797.5,NA,5501.5
"Monday","12/12/2011",4037.5,5104,1217.5,NA,10359
"Tuesday","12/13/2011",3917.5,4929.5,1586.5,NA,10433.5
"Wednesday","12/14/2011",3888.5,5098.5,1710,NA,10697
"Thursday","12/15/2011",3784,5217,1796.5,NA,10797.5
"Friday","12/16/2011",4473,6009.5,2079,NA,12561.5
"Saturday","12/17/2011",3051,4058,1291,NA,8400
"Sunday","12/18/2011",1926.5,2556.5,825.5,NA,5308.5
"Monday","12/19/2011",3872.5,5010,1766.5,NA,10649
"Tuesday","12/20/2011",4168.5,1664,4967,NA,10799.5
"Wednesday","12/21/2011",3894,4790.5,1711.5,NA,10396
"Thursday","12/22/2011",3941.5,4910.5,1580.5,NA,10432.5
"Friday","12/23/2011",4158,4447.5,1555,NA,10160.5
"Saturday","12/24/2011",1921.5,1934.5,705.5,NA,4561.5
"Sunday","12/25/2011",NA,NA,NA,NA,0
"Monday","12/26/2011",2712.5,2824.5,1152.5,NA,6689.5
"Tuesday","12/27/2011",3201.5,3456.5,1228.5,NA,7886.5
"Wednesday","12/28/2011",3924.5,4227.5,1652.5,NA,9804.5
"Thursday","12/29/2011",3717,4022.5,1484,NA,9223.5
"Friday","12/30/2011",4364,4614.5,1730.5,NA,10709
"Saturday","12/31/2011",3661,3826.5,1224,NA,8711.5
"Sunday","01/01/2012",1502.5,1712,725,NA,3939.5
"Monday","01/02/2012",3051.5,3032,1178.5,NA,7262
"Tuesday","01/03/2012",3397,4772.5,1596,NA,9765.5
"Wednesday","01/04/2012",3317.5,4543,1665,NA,9525.5
"Thursday","01/05/2012",3556.5,4766.5,1712.5,NA,10035.5
"Friday","01/06/2012",4548,5855,1938,NA,12341
"Saturday","01/07/2012",3140.5,4020.5,1293,NA,8454
"Sunday","01/08/2012",1936.5,2198.5,966.5,NA,5101.5
"Monday","01/09/2012",3837.5,4996.5,1780.5,NA,10614.5
"Tuesday","01/10/2012",3851,4965,1979,NA,10795
"Wednesday","01/11/2012",3969,4844,1930.5,NA,10743.5
"Thursday","01/12/2012",3818.5,4956.5,1994.5,NA,10769.5
"Friday","01/13/2012",4541,5166,2233.5,NA,11940.5
"Saturday","01/14/2012",3228.5,3817,1159.5,NA,8205
"Sunday","01/15/2012",2462,2846.5,1039,NA,6347.5
"Monday","01/16/2012",2922.5,3333.5,1260,NA,7516
"Tuesday","01/17/2012",3995,5101,1904.5,NA,11000.5
"Wednesday","01/18/2012",4232,5281.5,1930.5,NA,11444
"Thursday","01/19/2012",4351.5,5079.5,1996.5,NA,11427.5
"Friday","01/20/2012",4998.5,5910.5,2181,NA,13090
"Saturday","01/21/2012",2792,3569.5,1208,NA,7569.5
"Sunday","01/22/2012",1928.5,2418.5,961.5,NA,5308.5
"Monday","01/23/2012",3706.5,1773,1773,NA,7252.5
"Tuesday","01/24/2012",4453.5,5257,2138.5,NA,11849
"Wednesday","01/25/2012",4375.5,5596.5,2015.5,NA,11987.5
"Thursday","01/26/2012",4181,4986,1965,NA,11132
"Friday","01/27/2012",5167,5890,2186.5,NA,13243.5
"Saturday","01/28/2012",3960,5022,1515,NA,10497
"Sunday","01/29/2012",2525.5,2998.5,1192,NA,6716
"Monday","01/30/2012",4388.5,5288.5,1981,NA,11658
"Tuesday","01/31/2012",4565.5,5371,2040,NA,11976.5
"Wednesday","02/01/2012",4443.5,5583.5,2103.5,NA,12130.5
"Thursday","02/02/2012",4121,5306.5,1996.5,NA,11424
"Friday","02/03/2012",5027.5,6525.5,2200,NA,13753
"Saturday","02/04/2012",3305,4082.5,1278,NA,8665.5
"Sunday","02/05/2012",2185.5,2706.5,959,NA,5851
"Monday","02/06/2012",4197,4843,1860,NA,10900
"Tuesday","02/07/2012",4016.5,5286,2001.5,NA,11304
"Wednesday","02/08/2012",4185.5,5183.5,1980,NA,11349
"Thursday","02/09/2012",4361.5,5306.5,2029,NA,11697
"Friday","02/10/2012",5023.5,6591,2272.5,NA,13887
"Saturday","02/11/2012",3413.5,4570,1360,NA,9343.5
"Sunday","02/12/2012",2300.5,2593.5,1030.5,NA,5924.5
"Monday","02/13/2012",4085,5240,1989.5,NA,11314.5
"Tuesday","02/14/2012",4042.5,5039,1934.5,NA,11016
"Wednesday","02/15/2012",4233,5580.5,2047.5,NA,11861
"Thursday","02/16/2012",4094,4951,1777,NA,10822
"Friday","02/17/2012",4914.5,6368.5,2344.5,NA,13627.5
"Saturday","02/18/2012",3885.5,4573,1492,NA,9950.5
"Sunday","02/19/2012",2726.5,2523.5,1294,NA,6544
"Monday","02/20/2012",3748,4174.5,1837.5,NA,9760
"Tuesday","02/21/2012",4296,5400.5,1980.5,NA,11677
"Wednesday","02/22/2012",4291.5,5490,2150,NA,11931.5
"Thursday","02/23/2012",4139,5078.5,2019,NA,11236.5
"Friday","02/24/2012",4518,6216,2085.5,NA,12819.5
"Saturday","02/25/2012",3550,4713.5,1337,NA,9600.5
"Sunday","02/26/2012",2452.5,2990,1195,NA,6637.5
"Monday","02/27/2012",4166,5172.5,1902.5,NA,11241
"Tuesday","02/28/2012",4128.5,5219,1895,NA,11242.5
"Wednesday","02/29/2012",3449,4396.5,1812,NA,9657.5
"Thursday","03/01/2012",4322,5293,2170.5,NA,11785.5
"Friday","03/02/2012",4669,6001,2221,NA,12891
"Saturday","03/03/2012",3999,4336,1668.5,NA,10003.5
"Sunday","03/04/2012",2381.5,2522.5,1042,NA,5946
"Monday","03/05/2012",4197,5037,2070,NA,11304
"Tuesday","03/06/2012",4109,5140.5,2184,NA,11433.5
"Wednesday","03/07/2012",4270.5,5335,2199.5,NA,11805
"Thursday","03/08/2012",4223.5,5547.5,2134,NA,11905
"Friday","03/09/2012",4704,6061,2212.5,NA,12977.5
"Saturday","03/10/2012",3750.5,4484.5,1479,NA,9714
"Sunday","03/11/2012",1737,1859.5,937.5,NA,4534
"Monday","03/12/2012",3934,4819.5,1997.5,NA,10751
"Tuesday","03/13/2012",4335.5,5267.5,2094,NA,11697
"Wednesday","03/14/2012",4526.5,5445.5,2249.5,NA,12221.5
"Thursday","03/15/2012",4343.5,5540.5,2163,NA,12047
"Friday","03/16/2012",5116.5,6626,2312,NA,14054.5
"Saturday","03/17/2012",5208.5,5935.5,1904,NA,13048
"Sunday","03/18/2012",2194.5,2761,1101.5,NA,6057
"Monday","03/19/2012",4469.5,5348.5,2040,NA,11858
"Tuesday","03/20/2012",4407,5195.5,2064.5,NA,11667
"Wednesday","03/21/2012",4129,5557.5,2214.5,NA,11901
"Thursday","03/22/2012",4594,5627.5,2153.5,NA,12375
"Friday","03/23/2012",5505,7485,2531.5,NA,15521.5
"Saturday","03/24/2012",3330.5,3957.5,1384,NA,8672
"Sunday","03/25/2012",2511.5,2797.5,1199.5,NA,6508.5
"Monday","03/26/2012",4588.5,5343,2236,NA,12167.5
"Tuesday","03/27/2012",4228,5532,2125.5,NA,11885.5
"Wednesday","03/28/2012",4444.5,5407.5,2231,NA,12083
"Thursday","03/29/2012",4563,5366,2113,NA,12042
"Friday","03/30/2012",4915,6394,2362,NA,13671
"Saturday","03/31/2012",3740.5,4835.5,1519.5,NA,10095.5
"Sunday","04/01/2012",3019,3191,1208.5,NA,7418.5
"Monday","04/02/2012",4910,5218,2415.5,NA,12543.5
"Tuesday","04/03/2012",5047,5598.5,2382,NA,13027.5
"Wednesday","04/04/2012",4721.5,5636.5,2277,NA,12635
"Thursday","04/05/2012",4570.5,5299,2220.5,NA,12090
"Friday","04/06/2012",5540,5519,1961,NA,13020
"Saturday","04/07/2012",4274.5,4246.5,1656,NA,10177
"Sunday","04/08/2012",2904.5,3006.5,1241.5,NA,7152.5
"Monday","04/09/2012",5121,5364.5,2379,NA,12864.5
"Tuesday","04/10/2012",4838,5315.5,2147,NA,12300.5
"Wednesday","04/11/2012",4752.5,5843,2253,NA,12848.5
"Thursday","04/12/2012",4518.5,5689,2151,NA,12358.5
"Friday","04/13/2012",5300,6666.5,2365,NA,14331.5
"Saturday","04/14/2012",4217.5,4984,2005,NA,11206.5
"Sunday","04/15/2012",2680,3547,1384,NA,7611
"Monday","04/16/2012",4794,5764.5,2296,NA,12854.5
"Tuesday","04/17/2012",4747,5559,2247.5,NA,12553.5
"Wednesday","04/18/2012",4462.5,5426.5,2180.5,NA,12069.5
"Thursday","04/19/2012",4356,5689.5,2209.5,NA,12255
"Friday","04/20/2012",5514,6309,2526.5,NA,14349.5
"Saturday","04/21/2012",4282.5,4819.5,1844,NA,10946
"Sunday","04/22/2012",1842.5,2166.5,835,NA,4844
"Monday","04/23/2012",4458,5198.5,2149,NA,11805.5
"Tuesday","04/24/2012",4466.5,5539.5,2113,NA,12119
"Wednesday","04/25/2012",4704,5864.5,2355,NA,12923.5
"Thursday","04/26/2012",4401.5,5695,2283.5,NA,12380
"Friday","04/27/2012",5623,6513.5,2647.5,NA,14784
"Saturday","04/28/2012",3555,4454.5,1491,NA,9500.5
"Sunday","04/29/2012",2833.5,3394,1444.5,NA,7672
"Monday","04/30/2012",4303.5,5433,2189,NA,11925.5
"Tuesday","05/01/2012",4775,5737,2340.5,NA,12852.5
"Wednesday","05/02/2012",4480,5469.5,2360,NA,12309.5
"Thursday","05/03/2012",4599,5011,2152.5,NA,11762.5
"Friday","05/04/2012",5241,6438.5,2492.5,NA,14172
"Saturday","05/05/2012",4241,5579,1549.5,NA,11369.5
"Sunday","05/06/2012",2808.5,3117,1246,NA,7171.5
"Monday","05/07/2012",4633.5,5477,2305,NA,12415.5
"Tuesday","05/08/2012",4600,5300,2331.5,NA,12231.5
"Wednesday","05/09/2012",4732,5708,2160,NA,12600
"Thursday","05/10/2012",4861.5,5591.5,2243.5,NA,12696.5
"Friday","05/11/2012",5418,6854.5,2576.5,NA,14849
"Saturday","05/12/2012",4355.5,4747,1919.5,NA,11022
"Sunday","05/13/2012",2616.5,2980.5,1311,NA,6908
"Monday","05/14/2012",4308.5,5423.5,2110.5,NA,11842.5
"Tuesday","05/15/2012",4758,5948,2199,NA,12905
"Wednesday","05/16/2012",4716.5,6152,2340.5,NA,13209
"Thursday","05/17/2012",4772.5,5433.5,2323.5,NA,12529.5
"Friday","05/18/2012",5145,6609.5,2757.5,NA,14512
"Saturday","05/19/2012",4127,4992,1986,NA,11105
"Sunday","05/20/2012",2908,3524.5,1536.5,NA,7969
"Monday","05/21/2012",4379.5,5671,2206.5,NA,12257
"Tuesday","05/22/2012",5273,6488.5,2523.5,NA,14285
"Wednesday","05/23/2012",5026,6188,2434,NA,13648
"Thursday","05/24/2012",4843,6341,2625.5,NA,13809.5
"Friday","05/25/2012",5984.5,7422,2743,NA,16149.5
"Saturday","05/26/2012",3654.5,4830.5,1894.5,NA,10379.5
"Sunday","05/27/2012",3698.5,3929,1505.5,NA,9133
"Monday","05/28/2012",3186,3572,1916.5,NA,8674.5
"Tuesday","05/29/2012",4574,5735,2463,NA,12772
"Wednesday","05/30/2012",4805.5,6003,2359.5,NA,13168
"Thursday","05/31/2012",4808.5,5939,2538,NA,13285.5
"Friday","06/01/2012",4796,6082.5,2383.5,NA,13262
"Saturday","06/02/2012",4458,5055.5,2025.5,NA,11539
"Sunday","06/03/2012",2616.5,3571,1366,NA,7553.5
"Monday","06/04/2012",4799.5,5603,2425.5,514.5,13342.5
"Tuesday","06/05/2012",4762,5840.5,2449.5,573.5,13625.5
"Wednesday","06/06/2012",4872,5507.5,2525,627.5,13532
"Thursday","06/07/2012",3476,4600,2307.5,661.5,11045
"Friday","06/08/2012",5782.5,6881.5,2858,844.5,16366.5
"Saturday","06/09/2012",4820.5,5045,2045.5,986.5,12897.5
"Sunday","06/10/2012",3061.5,3439.5,1499.5,691,8691.5
"Monday","06/11/2012",4583.5,5212.5,2106.5,629.5,12532
"Tuesday","06/12/2012",3878.5,4729,3878.5,525,13011
"Wednesday","06/13/2012",5023,5845.5,2804.5,1999.5,15672.5
"Thursday","06/14/2012",5617.5,6521,2769.5,2672,17580
"Friday","06/15/2012",6926.5,8089.5,3485,3450,21951
"Saturday","06/16/2012",6322,7797,3338.5,4617,22074.5
"Sunday","06/17/2012",4008,4903,2268,4045.5,15224.5
"Monday","06/18/2012",4853,5460,2334.5,1320,13967.5
"Tuesday","06/19/2012",5039,5797,2547,1392.5,14775.5
"Wednesday","06/20/2012",4475,5391.5,2314,732.5,12913
"Thursday","06/21/2012",4369,5399,2294.5,580.5,12643
"Friday","06/22/2012",6000,6104.5,2568,922,15594.5
"Saturday","06/23/2012",4441.5,5081.5,1942,1023,12488
"Sunday","06/24/2012",2805,3530.5,1531,749,8615.5
"Monday","06/25/2012",4705.5,5567.5,2512.5,790.5,13576
"Tuesday","06/26/2012",4753,5943,2481,913,14090
"Wednesday","06/27/2012",5052.5,5728.5,2707,873.5,14361.5
"Thursday","06/28/2012",4883,5847,2387.5,777.5,13895
"Friday","06/29/2012",5922,6451.5,2343.5,982.5,15699.5
"Saturday","06/30/2012",4260,4559,1607.5,885.5,11312
"Sunday","07/01/2012",2807.5,2954.5,1397.5,602.5,7762
"Monday","07/02/2012",5088,5596,2497.5,800.5,13982
"Tuesday","07/03/2012",5550,5689.5,2579.5,897,14716
"Wednesday","07/04/2012",4267,4332.5,2445.5,1079,12124
"Thursday","07/05/2012",4541.5,5564,2173.5,740.5,13019.5
"Friday","07/06/2012",5973,6496.5,2644.5,669,15783
"Saturday","07/07/2012",4489,4410,1752.5,559.5,11211
"Sunday","07/08/2012",2698.5,2906.5,1444,552.5,7601.5
"Monday","07/09/2012",4654.5,5113,2419,830,13016.5
"Tuesday","07/10/2012",4601,5621,2429,846,13497
"Wednesday","07/11/2012",4003,5772,2662.5,665,13102.5
"Thursday","07/12/2012",4222,6027,2395,1013.5,13657.5
"Friday","07/13/2012",5253,6924.5,2610,1146.5,15934
"Saturday","07/14/2012",3461.5,4861,2064,970.5,11357
"Sunday","07/15/2012",2914.5,3421,1440,732,8507.5
"Monday","07/16/2012",4495.5,4902,2079,872,12348.5
"Tuesday","07/17/2012",3679,4493,2220,1002.5,11394.5
"Wednesday","07/18/2012",4604,4337,1832,923.5,11696.5
"Thursday","07/19/2012",4895,4310.5,2259,822.5,12287
"Friday","07/20/2012",5158.5,4046.5,2173.5,1136,12514.5
"Saturday","07/21/2012",3642.5,4395.5,1461,731.5,10230.5
"Sunday","07/22/2012",3002.5,4269,879,809.5,8960
"Monday","07/23/2012",4629.5,4392,1915,839.5,11776
"Tuesday","07/24/2012",4984,4758,2670.5,1018,13430.5
"Wednesday","07/25/2012",4968,4982,2594,1088.5,13632.5
"Thursday","07/26/2012",4748.5,5087,2373,1047,13255.5
"Friday","07/27/2012",5654.5,5782,2855.5,1263,15555
"Saturday","07/28/2012",4658,4530.5,1917,1027,12132.5
"Sunday","07/29/2012",3109,3321.5,1565.5,640,8636
"Monday","07/30/2012",4867,4916,2067,833,12683
"Tuesday","07/31/2012",4871.5,5011,2284,951.5,13118
"Wednesday","08/01/2012",5218,5091,2491,868,13668
"Thursday","08/02/2012",4848.5,4959,2053.5,987.5,12848.5
"Friday","08/03/2012",5926,6028,2474.5,1239,15667.5
"Saturday","08/04/2012",4360.5,4678,1610.5,1095.5,11744.5
"Sunday","08/05/2012",2397.5,2923,1191,672.5,7184
"Monday","08/06/2012",4640.5,4780,2300,936.5,12657
"Tuesday","08/07/2012",4899.5,5030,2068,1105,13102.5
"Wednesday","08/08/2012",4595,4914.5,2137.5,842.5,12489.5
"Thursday","08/09/2012",4651.5,4988,1985,1052.5,12677
"Friday","08/10/2012",5101.5,5221,2505,1302.5,14130
"Saturday","08/11/2012",4337.5,4207.5,1679,1049,11273
"Sunday","08/12/2012",2632,2817,1464.5,748.5,7662
"Monday","08/13/2012",4789,4840.5,2519.5,954.5,13103.5
"Tuesday","08/14/2012",5171,5063,2035.5,1059.5,13329
"Wednesday","08/15/2012",5036,5310,2458.5,1010,13814.5
"Thursday","08/16/2012",5241.5,5284,2560.5,1213,14299
"Friday","08/17/2012",4802,5651,2650,1131,14234
"Saturday","08/18/2012",3929,4718,1999.5,489,11135.5
"Sunday","08/19/2012",1862.5,2728.5,1356.5,580.5,6528
"Monday","08/20/2012",3867.5,5237,2337.5,851.5,12293.5
"Tuesday","08/21/2012",4434.5,4963,2674.5,827,12899
"Wednesday","08/22/2012",4797,5362,2756,838.5,13753.5
"Thursday","08/23/2012",4865.5,5934.5,2803.5,1011.5,14615
"Friday","08/24/2012",5448,6205,2940.5,1258.5,15852
"Saturday","08/25/2012",4112,4182.5,1816.5,963.5,11074.5
"Sunday","08/26/2012",2188,2497.5,1209.5,539.5,6434.5
"Monday","08/27/2012",4706.5,5536,1996.5,915.5,13154.5
"Tuesday","08/28/2012",4594.5,5652,1875,917,13038.5
"Wednesday","08/29/2012",4943.5,6165,2560.5,926.5,14595.5
"Thursday","08/30/2012",3847,3257.5,2206,641,9951.5
"Friday","08/31/2012",3400.5,3700,2791.5,786,10678
"Saturday","09/01/2012",3054.5,2439.5,1990,946,8430
"Sunday","09/02/2012",1673.5,1605,1113.5,819,5211
"Monday","09/03/2012",2141,1860.5,1434.5,428,5864
"Tuesday","09/04/2012",3947.5,5630,2110.5,804,12492
"Wednesday","09/05/2012",4517.5,5950.5,2295,833,13596
"Thursday","09/06/2012",4352,5814.5,2321.5,714.5,13202.5
"Friday","09/07/2012",5717.5,7007,2688.5,1301,16714
"Saturday","09/08/2012",4106.5,4740,1813.5,1343,12003
"Sunday","09/09/2012",2356.5,3471.5,1304,910.5,8042.5
"Monday","09/10/2012",4736,5776,2423.5,842.5,13778
"Tuesday","09/11/2012",4616,5403.5,2506.5,1010.5,13536.5
"Wednesday","09/12/2012",4603.5,5628.5,2631,1008,13871
"Thursday","09/13/2012",4571,5563.5,2395.5,1061.5,13591.5
"Friday","09/14/2012",5566.5,6429,2652.5,818.5,15466.5
"Saturday","09/15/2012",4524,4848.5,2141.5,1173,12687
"Sunday","09/16/2012",2298,2734.5,1314,642,6988.5
"Monday","09/17/2012",4368.5,5123.5,2398,816,12706
"Tuesday","09/18/2012",3778.5,4653.5,1981,618.5,11031.5
"Wednesday","09/19/2012",4741,5662,2442,856.5,13701.5
"Thursday","09/20/2012",4591,5667,2535,788.5,13581.5
"Friday","09/21/2012",5522,6197,2854.5,1117,15690.5
"Saturday","09/22/2012",3783,4244,2070.5,1049.5,11147
"Sunday","09/23/2012",2804.5,3438.5,1446.5,865.5,8555
"Monday","09/24/2012",4722.5,5560,2608,948.5,13839
"Tuesday","09/25/2012",4358.5,5498,2391,1015.5,13263
"Wednesday","09/26/2012",4679,5622,2554.5,891,13746.5
"Thursday","09/27/2012",4889,6183.5,2754.5,1129,14956
"Friday","09/28/2012",4986.5,6979,2719.5,1252,15937
"Saturday","09/29/2012",4183.5,4604,1543,1386.5,11717
"Sunday","09/30/2012",2486,3045.5,1391,1016,7938.5
"Monday","10/01/2012",4553.5,5679,2337,846,13415.5
"Tuesday","10/02/2012",3942.5,4994.5,1967,727,11631
"Wednesday","10/03/2012",4494,5700,2271,982.5,13447.5
"Thursday","10/04/2012",4525,5566,2499.5,982.5,13573
"Friday","10/05/2012",4850.5,7500,2635.5,1139.5,16125.5
"Saturday","10/06/2012",4563.5,4398.5,1931,867,11760
"Sunday","10/07/2012",1929.5,2486,1038,688,6141.5
"Monday","10/08/2012",4038.5,4779.5,2225,1098.5,12141.5
"Tuesday","10/09/2012",4282.5,5332.5,2225.5,910,12750.5
"Wednesday","10/10/2012",4708.5,5559,2549.5,870.5,13687.5
"Thursday","10/11/2012",4409,5485.5,2532.5,875.5,13302.5
"Friday","10/12/2012",5209.5,6427.5,2670,1028.5,15335.5
"Saturday","10/13/2012",1793,3513,1292.5,782.5,7381
"Sunday","10/14/2012",2269.5,2969,1174,763,7175.5
"Monday","10/15/2012",4020.5,5379.5,2301,759.5,12460.5
"Tuesday","10/16/2012",3895.5,5500,1933.5,715,12044
"Wednesday","10/17/2012",4243.5,5919,2327.5,976.5,13466.5
"Thursday","10/18/2012",4217,5993,2378.5,903,13491.5
"Friday","10/19/2012",4629,6134.5,2569,986,14318.5
"Saturday","10/20/2012",3123,5120,1925,1081.5,11249.5
"Sunday","10/21/2012",2152,2823.5,1323,663.5,6962
"Monday","10/22/2012",4434.5,5506,2300.5,762.5,13003.5
"Tuesday","10/23/2012",4355,5627.5,2451,945.5,13379
"Wednesday","10/24/2012",4315,5853.5,2436,917.5,13522
"Thursday","10/25/2012",4252,5693,2297,917.5,13159.5
"Friday","10/26/2012",4902.5,5695,2677.5,1126.5,14401.5
"Saturday","10/27/2012",3865.5,4575.5,2146.5,1028.5,11616
"Sunday","10/28/2012",1866,2410,1010,407.5,5693.5
"Monday","10/29/2012",0,0,0,0,NA
"Tuesday","10/30/2012",0,0,0,0,NA
"Wednesday","10/31/2012",4179,5039.5,2461,743.5,NA
"Thursday","11/01/2012",3915.5,5334.5,2345,607.5,NA
"Friday","11/02/2012",4622,5362,2719.5,899.5,NA
"Saturday","11/03/2012",3719.5,3950.5,1685,822,NA
"Sunday","11/04/2012",1851,2309,1130,519.5,NA
"Monday","11/05/2012",4005,4757,2297,1128.5,NA
"Tuesday","11/06/2012",3757.5,4249.5,1943,686.5,NA
"Wednesday","11/07/2012",3600,3978,2296.5,741,NA
"Thursday","11/08/2012",3626,4370.5,2268.5,846.5,NA
"Friday","11/09/2012",4961,5749,2861,1022,NA
"Saturday","11/10/2012",3718.5,4172,1776.5,879,NA
"Sunday","11/11/2012",2094,2560,1123.5,620.5,NA
"Monday","11/12/2012",3897,4127.5,2352,892.5,NA
"Tuesday","11/13/2012",3672,4779.5,2323,676,NA
"Wednesday","11/14/2012",4085.5,4840.5,2287.5,695,NA
"Thursday","11/15/2012",3984,4946,2466,734.5,NA
"Friday","11/16/2012",5056.5,5855.5,2593,1033,NA
"Saturday","11/17/2012",3549.5,4121.5,1450.5,1002,NA
"Sunday","11/18/2012",1842.5,2468.5,1087,510,NA
"Monday","11/19/2012",4019.5,4619.5,2320,729,NA
"Tuesday","11/20/2012",3951.5,4688.5,2063,804.5,NA
"Wednesday","11/21/2012",4037,4592,2254.5,763,NA
"Thursday","11/22/2012",0,0,0,0,NA
"Friday","11/23/2012",3839.5,3650,1792,837.5,NA
"Saturday","11/24/2012",2546.5,2935.5,1291,641,NA
"Sunday","11/25/2012",1600.5,2165,1028.5,385.5,NA
"Monday","11/26/2012",3881,4587.5,2155.5,593.5,NA
"Tuesday","11/27/2012",3320.5,4312.5,2000.5,562,NA
"Wednesday","11/28/2012",4007.5,4708.5,2483.5,649,NA
"Thursday","11/29/2012",3869.5,4681,2079,706,NA
"Friday","11/30/2012",4702,5842.5,2653.5,894,NA
"Saturday","12/01/2012",3199.5,3444.5,1871,947.5,NA
"Sunday","12/02/2012",1817,2337.5,1195,557,NA
"Monday","12/03/2012",3716,5008,2040.5,708.5,NA
"Tuesday","12/04/2012",3804.5,4633,2297,683,NA
"Wednesday","12/05/2012",3571.5,4346.5,2247,677.5,NA
"Thursday","12/06/2012",4095.5,5184,2508,778.5,NA
"Friday","12/07/2012",4410.5,4474,2361,872,NA
"Saturday","12/08/2012",3974,4437,2011.5,888.5,NA
"Sunday","12/09/2012",2040,2060.5,1044.5,372,NA
"Monday","12/10/2012",3693,4243.5,2133.5,630.5,NA
"Tuesday","12/11/2012",3687,4599.5,2281,646.5,NA
"Wednesday","12/12/2012",3864.5,5032.5,2535.5,698,NA
"Thursday","12/13/2012",3692,5165,2422.5,617.5,NA
"Friday","12/14/2012",4438.5,4988.5,2497.5,623,NA
"Saturday","12/15/2012",3397,4033.5,1659.5,842.5,NA
"Sunday","12/16/2012",1660.5,2481,1419,469,NA
"Monday","12/17/2012",3799,4927,2111.5,684.5,NA
"Tuesday","12/18/2012",3728.5,5203,2473,757,NA
"Wednesday","12/19/2012",3930,4855.5,2352.5,736.5,NA
"Thursday","12/20/2012",3363.5,4814,2079.5,655,NA
"Friday","12/21/2012",3756,5477,2294,688,NA
"Saturday","12/22/2012",2916.5,2568,1424,497,NA
"Sunday","12/23/2012",2046,1970.5,1014,477,NA
"Monday","12/24/2012",2015,2057.5,1048,353,NA
"Tuesday","12/25/2012",NA,NA,NA,NA,NA
"Wednesday","12/26/2012",2194.5,2712,1192,316.5,NA
"Thursday","12/27/2012",3097.5,3417.5,1835.5,518.5,NA
"Friday","12/28/2012",4083,4326.5,2023,669.5,NA
"Saturday","12/29/2012",2532,2536.5,1360,450,NA
"Sunday","12/30/2012",1865.5,2169,1009.5,326,NA
"Monday","12/31/2012",4092,4935.5,1989,618,NA
"Tuesday","01/01/2013",1887.5,1880.5,1002,314,NA
"Wednesday","01/02/2013",3930.5,4304.5,2020.5,606,NA
"Thursday","01/03/2013",4008,4374.5,2213,662,NA
"Friday","01/04/2013",4214.5,4894.5,2243.5,784,NA
"Saturday","01/05/2013",2886.5,3057,1232,463,NA
"Sunday","01/06/2013",1984.5,2024,961.5,470,NA
"Monday","01/07/2013",3612.5,5074,2217,631.5,NA
"Tuesday","01/08/2013",3731,4294.5,2315.5,632,NA
"Wednesday","01/09/2013",3683.5,4364.5,2249.5,651.5,NA
"Thursday","01/10/2013",3956.5,3568,2256.5,725.5,NA
"Friday","01/11/2013",4114,4779,2181,744,NA
"Saturday","01/12/2013",2482,3753.5,1699,741.5,NA
"Sunday","01/13/2013",1795,2040.5,1243.5,394,NA
"Monday","01/14/2013",3509,4348,2243.5,644,NA
"Tuesday","01/15/2013",3858,4570,2301.5,609.5,NA
"Wednesday","01/16/2013",3702,4303,2350,584,NA
"Thursday","01/17/2013",3923,4516.5,2298,674.5,NA
"Friday","01/18/2013",4534,5295,2272.5,717,NA
"Saturday","01/19/2013",3388,3104.5,1704,806.5,NA
"Sunday","01/20/2013",2420,2809,1266,624,NA
"Monday","01/21/2013",2361.5,2824,1675,473,NA
"Tuesday","01/22/2013",3513,4028.5,2223,527.5,NA
"Wednesday","01/23/2013",3090.5,4115.5,2262,520,NA
"Thursday","01/24/2013",3096.5,4200,2207,614.5,NA
"Friday","01/25/2013",3528,5077.5,2305,697.5,NA
"Saturday","01/26/2013",3030.5,3819.5,1287,547,NA
"Sunday","01/27/2013",1798.5,2253.5,1383.5,407,NA
"Monday","01/28/2013",3639.5,4446.5,2279.5,607,NA
"Tuesday","01/29/2013",3648,5147,2417.5,697.5,NA
"Wednesday","01/30/2013",3635.5,4494.5,2485.5,671,NA
"Thursday","01/31/2013",3547.5,4429.5,2424.5,679.5,NA
"Friday","02/01/2013",4088.5,5342.5,2517.5,729,NA
"Saturday","02/02/2013",2437,3528,1506.5,499.5,NA
"Sunday","02/03/2013",1796,2220,959.5,536.5,NA
"Monday","02/04/2013",3477.5,4046,2223.5,588,NA
"Tuesday","02/05/2013",3254,4124.5,2454.5,974,NA
"Wednesday","02/06/2013",3475.5,4222.5,2322,634,NA
"Thursday","02/07/2013",3451.5,4716.5,2268.5,760.5,NA
"Friday","02/08/2013",3754.5,5775,2128,715,NA
"Saturday","02/09/2013",2958.5,3626,1578,557.5,NA
"Sunday","02/10/2013",1824.5,2548,1304,429,NA
"Monday","02/11/2013",3538.5,4878.5,2113,579,NA
"Tuesday","02/12/2013",3392,4316,2310.5,576,NA
"Wednesday","02/13/2013",3492,4914,2345,830.5,NA
"Thursday","02/14/2013",3625,5026.5,2401.5,755,NA
"Friday","02/15/2013",4256.5,5699.5,2832,905.5,NA
"Saturday","02/16/2013",3209,2763,1426,531.5,NA
"Sunday","02/17/2013",1916.5,2106.5,1369,391.5,NA
"Monday","02/18/2013",2854,3357,2033,646.5,NA
"Tuesday","02/19/2013",3535.5,4405.5,2107.5,623,NA
"Wednesday","02/20/2013",3432.5,4572.5,2291,609.5,NA
"Thursday","02/21/2013",3637,4671.5,2483,727.5,NA
"Friday","02/22/2013",3958,4173.5,2286.5,893.5,NA
"Saturday","02/23/2013",3562.5,2652.5,1619.5,714,NA
"Sunday","02/24/2013",2103.5,2288.5,1397,431,NA
"Monday","02/25/2013",3974.5,5027,2356,744.5,NA
"Tuesday","02/26/2013",3455,4890,2318,652,NA
"Wednesday","02/27/2013",4018.5,4730.5,2620.5,659,NA
"Thursday","02/28/2013",3893,4658,2285.5,688.5,NA
"Friday","03/01/2013",4477.5,5252.5,2635.5,822,NA
